{
  "version": "symbol_language_weights.v1",
  "global_weight": -0.7123949932005774,
  "by_lang": {
    "c": -0.8376665114080666,
    "cpp": -0.7123949932005774,
    "go": -0.7644066126824933,
    "python": -0.7594797780134085,
    "ruby": -0.7123949932005774,
    "rust": -0.6576655446911599
  },
  "metadata": {
    "generated_at": "2026-02-28T15:45:22.871745+00:00",
    "method": "logistic_regression_with_language_interaction",
    "taskset": "/mnt/d/dev/AgentRetrieve/docs/benchmarks/taskset.v2.full.jsonl",
    "config": "/mnt/d/dev/AgentRetrieve/artifacts/experiments/pipeline/generated_experiment_pipeline.auto.yaml",
    "max_results_per_task": 50,
    "sample_count": 406,
    "positive_sample_count": 14,
    "languages": [
      "c",
      "cpp",
      "go",
      "python",
      "ruby",
      "rust"
    ],
    "positive_count_by_lang": {
      "rust": 4,
      "go": 4,
      "c": 4,
      "python": 2
    },
    "task_total_by_repo": {
      "ripgrep": 5,
      "fd": 5,
      "fzf": 5,
      "curl": 5,
      "fmt": 5,
      "pytest": 5,
      "cli": 5
    },
    "task_used_by_repo": {
      "ripgrep": 2,
      "fd": 2,
      "fzf": 2,
      "curl": 2,
      "fmt": 2,
      "pytest": 2,
      "cli": 2
    },
    "l2_selected": 3.0,
    "cv_logloss": {
      "0.01": 0.21652210997848848,
      "0.03": 0.21649443055477285,
      "0.1": 0.2163997495893631,
      "0.3": 0.21614715888042665,
      "1.0": 0.2154415311703969,
      "3.0": 0.21441730838678355,
      "10.0": 0.21448605740346974
    },
    "coefficients": {
      "beta_intercept": -2.4914538950445264,
      "beta_base": -0.09371788247600858,
      "beta_symbol_global": -0.7123949932005774,
      "beta_symbol_lang_delta": {
        "c": -0.2505430364149783,
        "cpp": -0.28808033284474077,
        "go": -0.10402323896383175,
        "python": -0.1412543544384931,
        "ruby": -0.037952927557364353,
        "rust": 0.10945889701883509
      }
    },
    "score_mapping": "weight = beta_symbol (logit coefficient, no manual scaling)",
    "shrinkage": {
      "type": "empirical_bayes",
      "kappa_median_positive_count": 4.0
    }
  }
}